,seed_id
APS_c,NA
DNA_c,cpd11461
GPE_c,NA
LOS_c,cpd20849
RNASYNTH_c,NA
cdp00251_c,NA
cpd00001_c,cpd00001
cpd00001_e,cpd00001
cpd00002_c,cpd00002
cpd00002_e,cpd00002
cpd00003_c,cpd00003
cpd00004_c,cpd00004
cpd00005_c,cpd00005
cpd00006_c,cpd00006
cpd00007_c,cpd00007
cpd00007_e,cpd00007
cpd00008_c,cpd00008
cpd00009_c,cpd00009
cpd00009_e,cpd00009
cpd00010_c,cpd00010
cpd00010_e,cpd00010
cpd00011_c,cpd00011
cpd00011_e,cpd00011
cpd00012_c,cpd00012
cpd00012_e,cpd00012
cpd00013_c,cpd00013
cpd00013_e,cpd00013
cpd00014_c,cpd00014
cpd00015_c,cpd00015
cpd00016_c,cpd00016
cpd00017_c,cpd00017
cpd00018_c,cpd00018
cpd00019_c,cpd00019
cpd00020_c,cpd00020
cpd00020_e,cpd00020
cpd00022_c,cpd00022
cpd00023_c,cpd00023
cpd00023_e,cpd00023
cpd00024_c,cpd00024
cpd00025_c,cpd00025
cpd00026_c,cpd00026
cpd00027_c,cpd00027
cpd00027_e,cpd00027
cpd00028_c,cpd00028
cpd00029_c,cpd00029
cpd00030_c,cpd00030
cpd00030_e,cpd00030
cpd00031_c,cpd00031
cpd00032_c,cpd00032
cpd00033_c,cpd00033
cpd00033_e,cpd00033
cpd00034_c,cpd00034
cpd00034_e,cpd00034
cpd00035_c,cpd00035
cpd00035_e,cpd00035
cpd00036_c,cpd00036
cpd00037_c,cpd00037
cpd00038_c,cpd00038
cpd00039_c,cpd00039
cpd00039_e,cpd00039
cpd00040_c,cpd00040
cpd00041_c,cpd00041
cpd00041_e,cpd00041
cpd00042_c,cpd00042
cpd00043_c,cpd00043
cpd00044_c,cpd00044
cpd00045_c,cpd00045
cpd00046_c,cpd00046
cpd00047_c,cpd00047
cpd00048_c,cpd00048
cpd00048_e,cpd00048
cpd00049_c,cpd00049
cpd00050_c,cpd00050
cpd00051_c,cpd00051
cpd00051_e,cpd00051
cpd00052_c,cpd00052
cpd00053_c,cpd00053
cpd00053_e,cpd00053
cpd00054_c,cpd00054
cpd00054_e,cpd00054
cpd00056_c,cpd00056
cpd00058_c,cpd00058
cpd00058_e,cpd00058
cpd00060_c,cpd00060
cpd00060_e,cpd00060
cpd00061_c,cpd00061
cpd00062_c,cpd00062
cpd00063_c,cpd00063
cpd00063_e,cpd00063
cpd00064_c,cpd00064
cpd00064_e,cpd00064
cpd00065_c,cpd00065
cpd00065_e,cpd00065
cpd00066_c,cpd00066
cpd00066_e,cpd00066
cpd00067_c,cpd00067
cpd00067_e,cpd00067
cpd00068_c,cpd00068
cpd00069_c,cpd00069
cpd00069_e,cpd00069
cpd00070_c,cpd00070
cpd00071_c,cpd00071
cpd00072_c,cpd00072
cpd00072_e,cpd00072
cpd00073_c,cpd00073
cpd00073_e,cpd00073
cpd00074_c,cpd00074
cpd00075_c,cpd00075
cpd00078_c,cpd00078
cpd00079_c,cpd00079
cpd00079_e,cpd00079
cpd00080_c,cpd00080
cpd00080_e,cpd00080
cpd00081_c,cpd00081
cpd00082_c,cpd00082
cpd00084_c,cpd00084
cpd00084_e,cpd00084
cpd00085_c,cpd00085
cpd00086_c,cpd00086
cpd00087_c,cpd00087
cpd00089_c,cpd00089
cpd00090_c,cpd00090
cpd00091_c,cpd00091
cpd00092_c,cpd00092
cpd00092_e,cpd00092
cpd00093_c,cpd00093
cpd00094_c,cpd00094
cpd00095_c,cpd00095
cpd00096_c,cpd00096
cpd00098_c,cpd00098
cpd00098_e,cpd00098
cpd00099_c,cpd00099
cpd00099_e,cpd00099
cpd00100_c,cpd00100
cpd00100_e,cpd00100
cpd00101_c,cpd00101
cpd00102_c,cpd00102
cpd00103_c,cpd00103
cpd00104_c,cpd00104
cpd00106_c,cpd00106
cpd00106_e,cpd00106
cpd00107_c,cpd00107
cpd00107_e,cpd00107
cpd00108_c,cpd00108
cpd00108_e,cpd00108
cpd00109_c,cpd00109
cpd00110_c,cpd00110
cpd00111_c,cpd00111
cpd00113_c,cpd00113
cpd00114_c,cpd00114
cpd00115_c,cpd00115
cpd00117_c,cpd00117
cpd00117_e,cpd00117
cpd00118_c,cpd00118
cpd00119_c,cpd00119
cpd00119_e,cpd00119
cpd00120_c,cpd00120
cpd00121_c,cpd00121
cpd00122_c,cpd00122
cpd00123_c,cpd00123
cpd00125_c,cpd00125
cpd00126_c,cpd00126
cpd00128_c,cpd00128
cpd00129_c,cpd00129
cpd00129_e,cpd00129
cpd00130_c,cpd00130
cpd00130_e,cpd00130
cpd00132_c,cpd00132
cpd00132_e,cpd00132
cpd00133_c,cpd00133
cpd00134_c,cpd00134
cpd00135_c,cpd00135
cpd00136_c,cpd00136
cpd00137_c,cpd00137
cpd00138_c,cpd00138
cpd00138_e,cpd00138
cpd00139_c,cpd00139
cpd00141_c,cpd00141
cpd00142_c,cpd00142
cpd00142_e,cpd00142
cpd00143_c,cpd00143
cpd00144_c,cpd00144
cpd00145_c,cpd00145
cpd00146_c,cpd00146
cpd00147_c,cpd00147
cpd00147_e,cpd00147
cpd00149_c,cpd00149
cpd00149_e,cpd00149
cpd00150_c,cpd00150
cpd00152_c,cpd00152
cpd00155_c,cpd00155
cpd00156_c,cpd00156
cpd00156_e,cpd00156
cpd00157_c,cpd00157
cpd00159_c,cpd00159
cpd00159_e,cpd00159
cpd00161_c,cpd00161
cpd00161_e,cpd00161
cpd00162_c,cpd00162
cpd00166_c,cpd00166
cpd00168_c,cpd00168
cpd00169_c,cpd00169
cpd00171_c,cpd00171
cpd00175_c,cpd00175
cpd00176_c,cpd00176
cpd00176_e,cpd00176
cpd00177_c,cpd00177
cpd00178_c,cpd00178
cpd00179_c,cpd00179
cpd00179_e,cpd00179
cpd00180_c,cpd00180
cpd00182_c,cpd00182
cpd00182_e,cpd00182
cpd00184_c,cpd00184
cpd00184_e,cpd00184
cpd00186_c,cpd00186
cpd00186_e,cpd00186
cpd00190_c,cpd00190
cpd00191_c,cpd00191
cpd00193_c,cpd00193
cpd00198_c,cpd00198
cpd00199_c,cpd00199
cpd00200_c,cpd00200
cpd00201_c,cpd00201
cpd00202_c,cpd00202
cpd00203_c,cpd00203
cpd00205_c,cpd00205
cpd00205_e,cpd00205
cpd00206_c,cpd00206
cpd00207_c,cpd00207
cpd00209_c,cpd00209
cpd00209_e,cpd00209
cpd00210_c,cpd00210
cpd00211_c,cpd00211
cpd00211_e,cpd00211
cpd00213_c,cpd00213
cpd00214_c,cpd00214
cpd00214_e,cpd00214
cpd00216_c,cpd00216
cpd00218_c,cpd00218
cpd00219_c,cpd00219
cpd00220_c,cpd00220
cpd00221_c,cpd00221
cpd00221_e,cpd00221
cpd00222_c,cpd00222
cpd00222_e,cpd00222
cpd00223_c,cpd00223
cpd00226_c,cpd00226
cpd00226_e,cpd00226
cpd00227_c,cpd00227
cpd00229_c,cpd00229
cpd00231_c,cpd00231
cpd00232_c,cpd00232
cpd00232_e,cpd00232
cpd00233_c,cpd00233
cpd00235_c,cpd00235
cpd00236_c,cpd00236
cpd00238_c,cpd00238
cpd00239_c,cpd00239
cpd00241_c,cpd00241
cpd00242_c,cpd00242
cpd00246_c,cpd00246
cpd00246_e,cpd00246
cpd00247_c,cpd00247
cpd00249_c,cpd00249
cpd00249_e,cpd00249
cpd00251_c,cpd00251
cpd00254_c,cpd00254
cpd00254_e,cpd00254
cpd00260_c,cpd00260
cpd00264_c,cpd00264
cpd00264_e,cpd00264
cpd00268_c,cpd00268
cpd00274_c,cpd00274
cpd00277_c,cpd00277
cpd00277_e,cpd00277
cpd00279_c,cpd00279
cpd00281_c,cpd00281
cpd00282_c,cpd00282
cpd00283_c,cpd00283
cpd00284_c,cpd00284
cpd00286_c,cpd00286
cpd00287_c,cpd00287
cpd00288_c,cpd00288
cpd00289_c,cpd00289
cpd00290_c,cpd00290
cpd00292_c,cpd00292
cpd00293_c,cpd00293
cpd00294_c,cpd00294
cpd00295_c,cpd00295
cpd00296_c,cpd00296
cpd00297_c,cpd00297
cpd00298_c,cpd00298
cpd00299_c,cpd00299
cpd00309_c,cpd00309
cpd00311_c,cpd00311
cpd00314_c,cpd00314
cpd00314_e,cpd00314
cpd00322_c,cpd00322
cpd00322_e,cpd00322
cpd00327_c,cpd00327
cpd00330_c,cpd00330
cpd00331_c,cpd00331
cpd00338_c,cpd00338
cpd00341_c,cpd00341
cpd00342_c,cpd00342
cpd00343_c,cpd00343
cpd00344_c,cpd00344
cpd00345_c,cpd00345
cpd00346_c,cpd00346
cpd00347_c,cpd00347
cpd00348_c,cpd00348
cpd00349_c,cpd00349
cpd00350_c,cpd00350
cpd00352_c,cpd00352
cpd00355_c,cpd00355
cpd00356_c,cpd00356
cpd00357_c,cpd00357
cpd00358_c,cpd00358
cpd00359_c,cpd00359
cpd00363_c,cpd00363
cpd00364_c,cpd00364
cpd00367_c,cpd00367
cpd00367_e,cpd00367
cpd00378_c,cpd00378
cpd00383_c,cpd00383
cpd00393_c,cpd00393
cpd00395_c,cpd00395
cpd00408_c,cpd00408
cpd00412_c,cpd00412
cpd00412_e,cpd00412
cpd00415_c,cpd00415
cpd00418_c,cpd00418
cpd00421_c,cpd00421
cpd00423_c,cpd00423
cpd00423_e,cpd00423
cpd00424_c,cpd00424
cpd00426_c,cpd00426
cpd00428_c,cpd00428
cpd00434_c,cpd00434
cpd00438_c,cpd00438
cpd00438_e,cpd00438
cpd00443_c,cpd00443
cpd00446_c,cpd00446
cpd00447_c,cpd00447
cpd00448_c,cpd00448
cpd00449_c,cpd00449
cpd00461_c,cpd00461
cpd00475_c,cpd00475
cpd00477_c,cpd00477
cpd00478_c,cpd00478
cpd00481_c,cpd00481
cpd00482_c,cpd00482
cpd00485_c,cpd00485
cpd00492_c,cpd00492
cpd00493_c,cpd00493
cpd00497_c,cpd00497
cpd00498_c,cpd00498
cpd00504_c,cpd00504
cpd00506_c,cpd00506
cpd00507_c,cpd00507
cpd00508_c,cpd00508
cpd00509_c,cpd00509
cpd00510_c,cpd00510
cpd00516_c,cpd00516
cpd00517_c,cpd00517
cpd00525_c,cpd00525
cpd00530_c,cpd00530
cpd00531_c,cpd00531
cpd00531_e,cpd00531
cpd00532_c,cpd00532
cpd00533_c,cpd00533
cpd00540_c,cpd00540
cpd00557_c,cpd00557
cpd00558_c,cpd00558
cpd00581_c,cpd00581
cpd00626_c,cpd00626
cpd00635_c,cpd00635
cpd00635_e,cpd00635
cpd00638_c,cpd00638
cpd00641_c,cpd00641
cpd00644_c,cpd00644
cpd00644_e,cpd00644
cpd00646_c,cpd00646
cpd00650_c,cpd00650
cpd00654_c,cpd00654
cpd00654_e,cpd00654
cpd00655_c,cpd00655
cpd00658_c,cpd00658
cpd00659_c,cpd00659
cpd00668_c,cpd00668
cpd00683_c,cpd00683
cpd00689_c,cpd00689
cpd00699_c,cpd00699
cpd00712_c,cpd00712
cpd00722_c,cpd00722
cpd00727_c,cpd00727
cpd00730_c,cpd00730
cpd00731_c,cpd00731
cpd00738_c,cpd00738
cpd00742_c,cpd00742
cpd00755_c,cpd00755
cpd00760_c,cpd00760
cpd00763_c,cpd00763
cpd00764_c,cpd00764
cpd00773_c,cpd00773
cpd00774_c,cpd00774
cpd00782_c,cpd00782
cpd00790_c,cpd00790
cpd00791_c,cpd00791
cpd00793_c,cpd00793
cpd00793_e,cpd00793
cpd00797_c,cpd00797
cpd00797_e,cpd00797
cpd00800_c,cpd00800
cpd00802_c,cpd00802
cpd00807_c,cpd00807
cpd00809_c,cpd00809
cpd00810_c,cpd00810
cpd00817_c,cpd00817
cpd00822_c,cpd00822
cpd00830_c,cpd00830
cpd00834_c,cpd00834
cpd00836_c,cpd00836
cpd00837_c,cpd00837
cpd00840_c,cpd00840
cpd00842_c,cpd00842
cpd00843_c,cpd00843
cpd00851_c,cpd00851
cpd00858_c,cpd00858
cpd00859_c,cpd00859
cpd00860_c,cpd00860
cpd00861_c,cpd00861
cpd00863_c,cpd00863
cpd00867_c,cpd00867
cpd00868_c,cpd00868
cpd00873_c,cpd00873
cpd00875_c,cpd00875
cpd00876_c,cpd00876
cpd00890_c,cpd00890
cpd00905_c,cpd00905
cpd00906_c,cpd00906
cpd00908_c,cpd00908
cpd00911_c,cpd00911
cpd00918_c,cpd00918
cpd00922_c,cpd00922
cpd00924_c,cpd00924
cpd00930_c,cpd00930
cpd00931_c,cpd00931
cpd00932_c,cpd00932
cpd00939_c,cpd00939
cpd00954_c,cpd00954
cpd00956_c,cpd00956
cpd00957_c,cpd00957
cpd00971_c,cpd00971
cpd00971_e,cpd00971
cpd00977_c,cpd00977
cpd00978_c,cpd00978
cpd00982_c,cpd00982
cpd01012_c,cpd01012
cpd01012_e,cpd01012
cpd01017_c,cpd01017
cpd01080_c,cpd01080
cpd01080_e,cpd01080
cpd01092_c,cpd01092
cpd01101_c,cpd01101
cpd01155_c,cpd01155
cpd01157_c,cpd01157
cpd01211_c,cpd01211
cpd01217_c,cpd01217
cpd01260_c,cpd01260
cpd01262_c,cpd01262
cpd01262_e,cpd01262
cpd01298_c,cpd01298
cpd01311_c,cpd01311
cpd01324_c,cpd01324
cpd01326_c,cpd01326
cpd01329_c,cpd01329
cpd01329_e,cpd01329
cpd01335_c,cpd01335
cpd01401_c,cpd01401
cpd01441_c,cpd01441
cpd01476_c,cpd01476
cpd01501_c,cpd01501
cpd01507_c,cpd01507
cpd01567_c,cpd01567
cpd01620_c,cpd01620
cpd01646_c,cpd01646
cpd01651_c,cpd01651
cpd01695_c,cpd01695
cpd01710_c,cpd01710
cpd01716_c,cpd01716
cpd01741_c,cpd01741
cpd01772_c,cpd01772
cpd01775_c,cpd01775
cpd01777_c,cpd01777
cpd01831_c,cpd01831
cpd01882_c,cpd01882
cpd01914_c,cpd01914
cpd01914_e,cpd01914
cpd01919_c,cpd01919
cpd01960_c,cpd01960
cpd01966_c,cpd01966
cpd01974_c,cpd01974
cpd01977_c,cpd01977
cpd01981_c,cpd01981
cpd01982_c,cpd01982
cpd01997_c,cpd01997
cpd02016_c,cpd02016
cpd02021_c,cpd02021
cpd02030_c,cpd02030
cpd02039_c,cpd02039
cpd02060_c,cpd02060
cpd02068_c,cpd02068
cpd02069_c,cpd02069
cpd02074_c,cpd02074
cpd02083_c,cpd02083
cpd02090_c,cpd02090
cpd02097_c,cpd02097
cpd02103_c,cpd02103
cpd02120_c,cpd02120
cpd02124_c,cpd02124
cpd02125_c,cpd02125
cpd02135_c,cpd02135
cpd02140_c,cpd02140
cpd02147_c,cpd02147
cpd02147_e,cpd02147
cpd02152_c,cpd02152
cpd02160_c,cpd02160
cpd02182_c,cpd02182
cpd02187_c,cpd02187
cpd02197_c,cpd02197
cpd02201_c,cpd02201
cpd02210_c,cpd02210
cpd02211_c,cpd02211
cpd02227_c,cpd02227
cpd02229_c,cpd02229
cpd02230_c,cpd02230
cpd02234_c,cpd02234
cpd02258_c,cpd02258
cpd02295_c,cpd02295
cpd02311_c,cpd02311
cpd02333_c,cpd02333
cpd02345_c,cpd02345
cpd02375_c,cpd02375
cpd02394_c,cpd02394
cpd02414_c,cpd02414
cpd02431_c,cpd02431
cpd02465_c,cpd02465
cpd02484_c,cpd02484
cpd02498_c,cpd02498
cpd02507_c,cpd02507
cpd02522_c,cpd02522
cpd02535_c,cpd02535
cpd02546_c,cpd02546
cpd02547_c,cpd02547
cpd02552_c,cpd02552
cpd02555_c,cpd02555
cpd02557_c,cpd02557
cpd02566_c,cpd02566
cpd02569_c,cpd02569
cpd02572_c,cpd02572
cpd02590_c,cpd02590
cpd02591_c,cpd02591
cpd02597_c,cpd02597
cpd02605_c,cpd02605
cpd02611_c,cpd02611
cpd02612_c,cpd02612
cpd02625_c,cpd02625
cpd02642_c,cpd02642
cpd02654_c,cpd02654
cpd02656_c,cpd02656
cpd02666_c,cpd02666
cpd02678_c,cpd02678
cpd02691_c,cpd02691
cpd02693_c,cpd02693
cpd02698_c,cpd02698
cpd02700_c,cpd02700
cpd02701_c,cpd02701
cpd02711_c,cpd02711
cpd02720_c,cpd02720
cpd02724_c,cpd02724
cpd02730_c,cpd02730
cpd02738_c,cpd02738
cpd02740_c,cpd02740
cpd02775_c,cpd02775
cpd02791_c,cpd02791
cpd02799_c,cpd02799
cpd02820_c,cpd02820
cpd02826_c,cpd02826
cpd02828_c,cpd02828
cpd02835_c,cpd02835
cpd02843_c,cpd02843
cpd02851_c,cpd02851
cpd02857_c,cpd02857
cpd02862_c,cpd02862
cpd02882_c,cpd02882
cpd02884_c,cpd02884
cpd02886_c,cpd02886
cpd02893_c,cpd02893
cpd02894_c,cpd02894
cpd02904_c,cpd02904
cpd02920_c,cpd02920
cpd02921_c,cpd02921
cpd02930_c,cpd02930
cpd02948_c,cpd02948
cpd02961_c,cpd02961
cpd02964_c,cpd02964
cpd02968_c,cpd02968
cpd02978_c,cpd02978
cpd02979_c,cpd02979
cpd02991_c,cpd02991
cpd02993_c,cpd02993
cpd03002_c,cpd03002
cpd03049_c,cpd03049
cpd03052_c,cpd03052
cpd03091_c,cpd03091
cpd03113_c,cpd03113
cpd03114_c,cpd03114
cpd03115_c,cpd03115
cpd03116_c,cpd03116
cpd03117_c,cpd03117
cpd03118_c,cpd03118
cpd03119_c,cpd03119
cpd03120_c,cpd03120
cpd03121_c,cpd03121
cpd03122_c,cpd03122
cpd03123_c,cpd03123
cpd03124_c,cpd03124
cpd03125_c,cpd03125
cpd03126_c,cpd03126
cpd03127_c,cpd03127
cpd03128_c,cpd03128
cpd03129_c,cpd03129
cpd03130_c,cpd03130
cpd03187_c,cpd03187
cpd03189_c,cpd03189
cpd03214_c,cpd03214
cpd03279_c,cpd03279
cpd03279_e,cpd03279
cpd03377_c,cpd03377
cpd03407_c,cpd03407
cpd03411_c,cpd03411
cpd03414_c,cpd03414
cpd03416_c,cpd03416
cpd03422_c,cpd03422
cpd03423_c,cpd03423
cpd03424_c,cpd03424
cpd03424_e,cpd03424
cpd03426_c,cpd03426
cpd03443_c,cpd03443
cpd03444_c,cpd03444
cpd03445_c,cpd03445
cpd03446_c,cpd03446
cpd03447_c,cpd03447
cpd03448_c,cpd03448
cpd03449_c,cpd03449
cpd03451_c,cpd03451
cpd03470_c,cpd03470
cpd03471_c,cpd03471
cpd03480_c,cpd03480
cpd03487_c,cpd03487
cpd03488_c,cpd03488
cpd03490_c,cpd03490
cpd03491_c,cpd03491
cpd03492_c,cpd03492
cpd03494_c,cpd03494
cpd03495_c,cpd03495
cpd03496_c,cpd03496
cpd03517_c,cpd03517
cpd03518_c,cpd03518
cpd03519_c,cpd03519
cpd03524_c,cpd03524
cpd03525_c,cpd03525
cpd03526_c,cpd03526
cpd03557_c,cpd03557
cpd03560_c,cpd03560
cpd03572_c,cpd03572
cpd03584_c,cpd03584
cpd03585_c,cpd03585
cpd03586_c,cpd03586
cpd03606_c,cpd03606
cpd03607_c,cpd03607
cpd03608_c,cpd03608
cpd03646_c,cpd03646
cpd03666_c,cpd03666
cpd03671_c,cpd03671
cpd03704_c,cpd03704
cpd03706_c,cpd03706
cpd03708_c,cpd03708
cpd03736_c,cpd03736
cpd03830_c,cpd03830
cpd03831_c,cpd03831
cpd03847_c,cpd03847
cpd03847_e,cpd03847
cpd03897_c,cpd03897
cpd03915_c,cpd03915
cpd03916_c,cpd03916
cpd03917_c,cpd03917
cpd03918_c,cpd03918
cpd03919_c,cpd03919
cpd03920_c,cpd03920
cpd04097_c,cpd04097
cpd04097_e,cpd04097
cpd04122_c,cpd04122
cpd04539_c,cpd04539
cpd04918_c,cpd04918
cpd04920_c,cpd04920
cpd06227_c,cpd06227
cpd08210_c,cpd08210
cpd08211_c,cpd08211
cpd08286_c,cpd08286
cpd08287_c,cpd08287
cpd08288_c,cpd08288
cpd08289_c,cpd08289
cpd08301_c,cpd08301
cpd08316_c,cpd08316
cpd08449_c,cpd08449
cpd08615_c,cpd08615
cpd08625_c,cpd08625
cpd09027_c,cpd09027
cpd09410_c,cpd09410
cpd09844_c,cpd09844
cpd10162_c,cpd10162
cpd10515_c,cpd10515
cpd10515_e,cpd10515
cpd10516_c,cpd10516
cpd10516_e,cpd10516
cpd11225_c,cpd11225
cpd11295_c,cpd11295
cpd11313_c,cpd11313
cpd11416_c,cpd11416
cpd11416_e,cpd11416
cpd11420_c,cpd11420
cpd11421_c,cpd11421
cpd11422_c,cpd11422
cpd11423_c,cpd11423
cpd11427_c,cpd11427
cpd11430_c,cpd11430
cpd11431_c,cpd11431
cpd11432_c,cpd11432
cpd11433_c,cpd11433
cpd11434_c,cpd11434
cpd11435_c,cpd11435
cpd11436_c,cpd11436
cpd11437_c,cpd11437
cpd11438_c,cpd11438
cpd11439_c,cpd11439
cpd11440_c,cpd11440
cpd11441_c,cpd11441
cpd11454_c,cpd11454
cpd11455_c,cpd11455
cpd11456_c,cpd11456
cpd11463_c,cpd11463
cpd11464_c,cpd11464
cpd11465_c,cpd11465
cpd11466_c,cpd11466
cpd11467_c,cpd11467
cpd11468_c,cpd11468
cpd11469_c,cpd11469
cpd11470_c,cpd11470
cpd11471_c,cpd11471
cpd11472_c,cpd11472
cpd11473_c,cpd11473
cpd11474_c,cpd11474
cpd11475_c,cpd11475
cpd11476_c,cpd11476
cpd11477_c,cpd11477
cpd11478_c,cpd11478
cpd11479_c,cpd11479
cpd11480_c,cpd11480
cpd11481_c,cpd11481
cpd11482_c,cpd11482
cpd11483_c,cpd11483
cpd11484_c,cpd11484
cpd11485_c,cpd11485
cpd11486_c,cpd11486
cpd11487_c,cpd11487
cpd11488_c,cpd11488
cpd11489_c,cpd11489
cpd11490_c,cpd11490
cpd11491_c,cpd11491
cpd11492_c,cpd11492
cpd11493_c,cpd11493
cpd11494_c,cpd11494
cpd11495_c,cpd11495
cpd11496_c,cpd11496
cpd11497_c,cpd11497
cpd11498_c,cpd11498
cpd11499_c,cpd11499
cpd11500_c,cpd11500
cpd11501_c,cpd11501
cpd11502_c,cpd11502
cpd11503_c,cpd11503
cpd11504_c,cpd11504
cpd11505_c,cpd11505
cpd11506_c,cpd11506
cpd11507_c,cpd11507
cpd11508_c,cpd11508
cpd11509_c,cpd11509
cpd11510_c,cpd11510
cpd11511_c,cpd11511
cpd11512_c,cpd11512
cpd11513_c,cpd11513
cpd11514_c,cpd11514
cpd11515_c,cpd11515
cpd11516_c,cpd11516
cpd11517_c,cpd11517
cpd11518_c,cpd11518
cpd11519_c,cpd11519
cpd11520_c,cpd11520
cpd11521_c,cpd11521
cpd11522_c,cpd11522
cpd11523_c,cpd11523
cpd11524_c,cpd11524
cpd11525_c,cpd11525
cpd11526_c,cpd11526
cpd11527_c,cpd11527
cpd11528_c,cpd11528
cpd11529_c,cpd11529
cpd11530_c,cpd11530
cpd11531_c,cpd11531
cpd11532_c,cpd11532
cpd11533_c,cpd11533
cpd11534_c,cpd11534
cpd11535_c,cpd11535
cpd11536_c,cpd11536
cpd11537_c,cpd11537
cpd11538_c,cpd11538
cpd11539_c,cpd11539
cpd11540_c,cpd11540
cpd11541_c,cpd11541
cpd11542_c,cpd11542
cpd11543_c,cpd11543
cpd11544_c,cpd11544
cpd11545_c,cpd11545
cpd11546_c,cpd11546
cpd11547_c,cpd11547
cpd11548_c,cpd11548
cpd11549_c,cpd11549
cpd11550_c,cpd11550
cpd11551_c,cpd11551
cpd11552_c,cpd11552
cpd11553_c,cpd11553
cpd11554_c,cpd11554
cpd11555_c,cpd11555
cpd11556_c,cpd11556
cpd11557_c,cpd11557
cpd11558_c,cpd11558
cpd11559_c,cpd11559
cpd11560_c,cpd11560
cpd11561_c,cpd11561
cpd11562_c,cpd11562
cpd11563_c,cpd11563
cpd11564_c,cpd11564
cpd11565_c,cpd11565
cpd11566_c,cpd11566
cpd11567_c,cpd11567
cpd11568_c,cpd11568
cpd11569_c,cpd11569
cpd11570_c,cpd11570
cpd11571_c,cpd11571
cpd11572_c,cpd11572
cpd11573_c,cpd11573
cpd11580_c,cpd11580
cpd11581_c,cpd11581
cpd11582_c,cpd11582
cpd11582_e,cpd11582
cpd11583_c,cpd11583
cpd11584_c,cpd11584
cpd11585_c,cpd11585
cpd11586_c,cpd11586
cpd11587_c,cpd11587
cpd11588_c,cpd11588
cpd11589_c,cpd11589
cpd11590_c,cpd11590
cpd11591_c,cpd11591
cpd11592_c,cpd11592
cpd11593_c,cpd11593
cpd11611_c,cpd11611
cpd11611_e,cpd11611
cpd11620_c,cpd11620
cpd11621_c,cpd11621
cpd11629_c,cpd11629
cpd11640_c,cpd11640
cpd11652_c,cpd11652
cpd11665_c,cpd11665
cpd11669_c,cpd11669
cpd11677_c,cpd11677
cpd11751_c,cpd11751
cpd11770_c,cpd11770
cpd11825_c,cpd11825
cpd11830_c,cpd11830
cpd11906_c,cpd11906
cpd11907_c,cpd11907
cpd11908_c,cpd11908
cpd11909_c,cpd11909
cpd11910_c,cpd11910
cpd11911_c,cpd11911
cpd11912_c,cpd11912
cpd11913_c,cpd11913
cpd11914_c,cpd11914
cpd11915_c,cpd11915
cpd11916_c,cpd11916
cpd11917_c,cpd11917
cpd11918_c,cpd11918
cpd11919_c,cpd11919
cpd11920_c,cpd11920
cpd11921_c,cpd11921
cpd11922_c,cpd11922
cpd11923_c,cpd11923
cpd11924_c,cpd11924
cpd12003_c,cpd12003
cpd12005_c,cpd12005
cpd12036_c,cpd12036
cpd12060_c,cpd12060
cpd12072_c,cpd12072
cpd12100_c,cpd12100
cpd12105_c,cpd12105
cpd12132_c,cpd12132
cpd12133_c,cpd12133
cpd12139_c,cpd12139
cpd12164_c,cpd12164
cpd12194_c,cpd12194
cpd12225_c,cpd12225
cpd12226_c,cpd12226
cpd12227_c,cpd12227
cpd12228_c,cpd12228
cpd12229_c,cpd12229
cpd12237_c,cpd12237
cpd12255_c,cpd12255
cpd12256_c,cpd12256
cpd12285_c,cpd12285
cpd12313_c,cpd12313
cpd12335_c,cpd12335
cpd12336_c,cpd12336
cpd12344_c,cpd12344
cpd12370_c,cpd12370
cpd12543_c,cpd12543
cpd12547_c,cpd12547
cpd12689_c,cpd12689
cpd12711_c,cpd12711
cpd12712_c,cpd12712
cpd12713_c,cpd12713
cpd12829_c,cpd12829
cpd12848_c,cpd12848
cpd14507_c,cpd14507
cpd14545_c,cpd14545
cpd14550_c,cpd14550
cpd14551_c,cpd14551
cpd14698_c,cpd14698
cpd14699_c,cpd14699
cpd14700_c,cpd14700
cpd14702_c,cpd14702
cpd14703_c,cpd14703
cpd15237_c,cpd15237
cpd15238_c,cpd15238
cpd15239_c,cpd15239
cpd15268_c,cpd15268
cpd15269_c,cpd15269
cpd15274_c,cpd15274
cpd15277_c,cpd15277
cpd15294_c,cpd15294
cpd15298_c,cpd15298
cpd15306_c,cpd15306
cpd15307_c,cpd15307
cpd15308_c,cpd15308
cpd15309_c,cpd15309
cpd15310_c,cpd15310
cpd15311_c,cpd15311
cpd15312_c,cpd15312
cpd15313_c,cpd15313
cpd15314_c,cpd15314
cpd15315_c,cpd15315
cpd15316_c,cpd15316
cpd15317_c,cpd15317
cpd15318_c,cpd15318
cpd15319_c,cpd15319
cpd15320_c,cpd15320
cpd15321_c,cpd15321
cpd15322_c,cpd15322
cpd15323_c,cpd15323
cpd15324_c,cpd15324
cpd15325_c,cpd15325
cpd15326_c,cpd15326
cpd15327_c,cpd15327
cpd15328_c,cpd15328
cpd15329_c,cpd15329
cpd15330_c,cpd15330
cpd15331_c,cpd15331
cpd15336_c,cpd15336
cpd15337_c,cpd15337
cpd15338_c,cpd15338
cpd15339_c,cpd15339
cpd15340_c,cpd15340
cpd15341_c,cpd15341
cpd15342_c,cpd15342
cpd15343_c,cpd15343
cpd15344_c,cpd15344
cpd15345_c,cpd15345
cpd15346_c,cpd15346
cpd15347_c,cpd15347
cpd15348_c,cpd15348
cpd15349_c,cpd15349
cpd15350_c,cpd15350
cpd15352_c,cpd15352
cpd15353_c,cpd15353
cpd15354_c,cpd15354
cpd15355_c,cpd15355
cpd15357_c,cpd15357
cpd15358_c,cpd15358
cpd15362_c,cpd15362
cpd15363_c,cpd15363
cpd15378_c,cpd15378
cpd15417_c,cpd15417
cpd15418_c,cpd15418
cpd15419_c,cpd15419
cpd15420_c,cpd15420
cpd15421_c,cpd15421
cpd15422_c,cpd15422
cpd15423_c,cpd15423
cpd15484_c,cpd15484
cpd15485_c,cpd15485
cpd15499_c,cpd15499
cpd15500_c,cpd15500
cpd15521_c,cpd15521
cpd15522_c,cpd15522
cpd15523_c,cpd15523
cpd15524_c,cpd15524
cpd15525_c,cpd15525
cpd15526_c,cpd15526
cpd15527_c,cpd15527
cpd15528_c,cpd15528
cpd15529_c,cpd15529
cpd15530_c,cpd15530
cpd15531_c,cpd15531
cpd15532_c,cpd15532
cpd15533_c,cpd15533
cpd15534_c,cpd15534
cpd15535_c,cpd15535
cpd15536_c,cpd15536
cpd15537_c,cpd15537
cpd15538_c,cpd15538
cpd15539_c,cpd15539
cpd15540_c,cpd15540
cpd15541_c,cpd15541
cpd15542_c,cpd15542
cpd15543_c,cpd15543
cpd15544_c,cpd15544
cpd15545_c,cpd15545
cpd15546_c,cpd15546
cpd15547_c,cpd15547
cpd15548_c,cpd15548
cpd15552_c,cpd15552
cpd15553_c,cpd15553
cpd15554_c,cpd15554
cpd15555_c,cpd15555
cpd15556_c,cpd15556
cpd15557_c,cpd15557
cpd15558_c,cpd15558
cpd15560_c,cpd15560
cpd15561_c,cpd15561
cpd15603_c,cpd15603
cpd15604_c,cpd15604
cpd15605_c,cpd15605
cpd15606_c,cpd15606
cpd15661_c,cpd15661
cpd15662_c,cpd15662
cpd15663_c,cpd15663
cpd15665_c,cpd15665
cpd15666_c,cpd15666
cpd15667_c,cpd15667
cpd15668_c,cpd15668
cpd15669_c,cpd15669
cpd15671_c,cpd15671
cpd15672_c,cpd15672
cpd15673_c,cpd15673
cpd15674_c,cpd15674
cpd15675_c,cpd15675
cpd15676_c,cpd15676
cpd15677_c,cpd15677
cpd15678_c,cpd15678
cpd15679_c,cpd15679
cpd15680_c,cpd15680
cpd15681_c,cpd15681
cpd15682_c,cpd15682
cpd15683_c,cpd15683
cpd15684_c,cpd15684
cpd15685_c,cpd15685
cpd15686_c,cpd15686
cpd15687_c,cpd15687
cpd15688_c,cpd15688
cpd15689_c,cpd15689
cpd15690_c,cpd15690
cpd15691_c,cpd15691
cpd15692_c,cpd15692
cpd15693_c,cpd15693
cpd15694_c,cpd15694
cpd15695_c,cpd15695
cpd15696_c,cpd15696
cpd15697_c,cpd15697
cpd15698_c,cpd15698
cpd15699_c,cpd15699
cpd15700_c,cpd15700
cpd15701_c,cpd15701
cpd15702_c,cpd15702
cpd15703_c,cpd15703
cpd15704_c,cpd15704
cpd15705_c,cpd15705
cpd15706_c,cpd15706
cpd15716_c,cpd15716
cpd15717_c,cpd15717
cpd15718_c,cpd15718
cpd15719_c,cpd15719
cpd15720_c,cpd15720
cpd15721_c,cpd15721
cpd15722_c,cpd15722
cpd15723_c,cpd15723
cpd15724_c,cpd15724
cpd15725_c,cpd15725
cpd15726_c,cpd15726
cpd15727_c,cpd15727
cpd15791_c,cpd15791
cpd15792_c,cpd15792
cpd15793_c,cpd15793
cpd15794_c,cpd15794
cpd15795_c,cpd15795
cpd15796_c,cpd15796
cpd15797_c,cpd15797
cpd15798_c,cpd15798
cpd15799_c,cpd15799
cpd16379_c,cpd16379
cpd16496_c,cpd16496
cpd16629_c,cpd16629
cpd16661_c,cpd16661
cpd16661_e,cpd16661
